{"cameraMode":{"drawMode":0,"name":"Shaded","section":"Shading Mode"},"sceneLighting":true,"audioPlay":false,"sceneViewState":{"showFog":true,"showMaterialUpdate":false,"showSkybox":true,"showFlares":true,"showImageEffects":true,"showParticleSystems":true,"showVisualEffectGraphs":true,"m_FxEnabled":true},"in2DMode":false,"pivot":{"x":0.5765384435653687,"y":-1.6072907447814942,"z":2.321054220199585},"rotation":{"x":0.4239731729030609,"y":0.018118154257535936,"z":-0.008466457016766072,"w":0.9055071473121643},"size":3.675276756286621,"orthographic":false}